{"cameraMode":{"drawMode":0,"name":"Shaded","section":"Shading Mode"},"sceneLighting":false,"audioPlay":false,"sceneViewState":{"showFog":true,"showMaterialUpdate":true,"showSkybox":false,"showFlares":true,"showImageEffects":true,"showParticleSystems":true},"in2DMode":false,"pivot":{"x":-2.122286558151245,"y":-3.497342586517334,"z":6.593436241149902},"rotation":{"x":-0.06456675380468369,"y":0.7551450729370117,"z":-0.07524064183235169,"w":-0.6480181813240051},"size":1.4660253524780274,"orthographic":false}