{"cameraMode":{"drawMode":0,"name":"Shaded","section":"Shading Mode"},"sceneLighting":true,"audioPlay":false,"sceneViewState":{"showFog":true,"showMaterialUpdate":true,"showSkybox":true,"showFlares":true,"showImageEffects":true,"showParticleSystems":true},"in2DMode":false,"pivot":{"x":-2.60528826713562,"y":-4.065366744995117,"z":6.573346138000488},"rotation":{"x":-0.16967447102069856,"y":0.4982435703277588,"z":-0.10012257844209671,"w":-0.8443590998649597},"size":2.087085723876953,"orthographic":false}